ID,TargetF1,TargetRAUC
ID_TS_NEW_SBZAYD5I,1,0.999998409389849
ID_TS_NEW_7SPRN3PB,1,0.9999999468934383
ID_TS_NEW_LZOWPHLC,1,0.9996316830869912
ID_TS_NEW_DN6TUF64,1,0.9988694521854725
ID_TS_NEW_95N82M49,0,9.906466950446792e-05
ID_TS_NEW_BFEAVD50,0,1.543366535501916e-06
ID_TS_NEW_D1E33N0Z,1,0.9999999983335768
ID_TS_NEW_C85XZKDC,0,4.934288668380429e-09
ID_TS_NEW_1Y90ZQUH,1,0.9752412013942796
ID_TS_NEW_MZJ5GJYB,1,0.9999999696390434
ID_TS_NEW_IUD9BRKX,1,0.9999999894534083
ID_TS_NEW_72QFA5EU,1,0.9941481794667242
ID_TS_NEW_47DGP36L,1,0.9977923998438716
ID_TS_NEW_HXTFGEV3,1,0.7387855159024783
ID_TS_NEW_VMPCF9WN,1,0.9993936938087292
ID_TS_NEW_NVPXE0VA,0,3.141052464053531e-10
ID_TS_NEW_8LL4PIL8,0,0.00020617163725980003
ID_TS_NEW_HMDZLJIE,0,0.04447456106194939
ID_TS_NEW_PMX7SKJQ,1,0.9999893804000042
ID_TS_NEW_MO6E00DO,1,0.9999992801604681
ID_TS_NEW_2VZE6WN7,0,1.5006505448798092e-07
ID_TS_NEW_SRGNZQZD,1,0.9929031075589355
ID_TS_NEW_1G52IQA5,1,0.9999996802785837
ID_TS_NEW_UGOK73FG,1,0.985247378125812
ID_TS_NEW_T2466L38,1,0.9882614740348904
ID_TS_NEW_R0Q38OA8,1,0.9987742463789442
ID_TS_NEW_DDBN6OEU,1,0.9999962410708607
ID_TS_NEW_O0U4YHI1,1,0.999999700075354
ID_TS_NEW_I3F4EPVP,0,1.2022583968495986e-06
ID_TS_NEW_31NYZBQP,0,1.8063765039449098e-09
ID_TS_NEW_MFEBBK67,1,0.999999979013878
ID_TS_NEW_UX1S7FH5,0,3.088920767826995e-07
ID_TS_NEW_1Q223ITD,1,0.9999997841834691
ID_TS_NEW_49RPQPQX,1,0.9999997296996628
ID_TS_NEW_5CI9XZZC,0,1.1462415798330068e-08
ID_TS_NEW_KW7F7YT4,0,0.001661162232959286
ID_TS_NEW_JRDA0BSJ,1,0.9990711035820584
ID_TS_NEW_1GH47ZMP,0,0.00365980677743696
ID_TS_NEW_SIR5I0GB,0,2.877341007581916e-10
ID_TS_NEW_LF40N8CH,1,0.9999999915664189
ID_TS_NEW_BRIJYAHA,0,1.0963079741348048e-06
ID_TS_NEW_LP0Z54YQ,1,0.9999996622743478
ID_TS_NEW_41FI7XCM,1,0.9999998862034091
ID_TS_NEW_APBNYDXR,1,0.999997658397435
ID_TS_NEW_WZG3T1DJ,1,0.9999985224450303
ID_TS_NEW_YJ8V1JMK,1,0.9969481426741746
ID_TS_NEW_V0T94C5D,1,0.9999996857384661
ID_TS_NEW_0G2STM32,1,0.9999998842345962
ID_TS_NEW_1MX99FFB,1,0.8812051181609136
ID_TS_NEW_FQGEDJEM,0,8.7828760850748e-08
ID_TS_NEW_VS67WH7B,0,0.007669190195034397
ID_TS_NEW_833N4NO5,1,0.9758499470053129
ID_TS_NEW_5554YU3O,1,0.9999972645006058
ID_TS_NEW_25CF5N3E,0,2.9295757366587746e-07
ID_TS_NEW_WPDJSTG0,1,0.9999425633656622
ID_TS_NEW_DGHY5358,1,0.9999787719818064
ID_TS_NEW_HKVL4CSD,1,0.9999999920348522
ID_TS_NEW_E8HFUOKY,1,0.9988666958700552
ID_TS_NEW_7EP92VXI,1,0.770061124525724
ID_TS_NEW_KK65JUGM,0,2.661126789419074e-07
ID_TS_NEW_BVIUX9FH,1,0.999998285472611
ID_TS_NEW_3E95I4NZ,0,1.3445144403588673e-10
ID_TS_NEW_G76POS4W,1,0.9999998693641998
ID_TS_NEW_EVGCEMI6,1,0.9998930985987469
ID_TS_NEW_02SGGVQX,1,0.9993879136159902
ID_TS_NEW_ANRFV6OD,1,0.9999563666324083
ID_TS_NEW_USFCKEAD,1,0.9999998017524363
ID_TS_NEW_VM7G3X94,1,0.9964713448068097
ID_TS_NEW_J9NW1M6J,1,0.9937834938330631
ID_TS_NEW_FDXMYNN9,0,0.3471081113782631
ID_TS_NEW_HUI71UZW,0,0.0004944792134981355
ID_TS_NEW_1E1L3F3M,1,0.9997948151752263
ID_TS_NEW_657RGOA6,0,0.022258146024599246
ID_TS_NEW_MCIWQNMI,1,0.9999881503039565
ID_TS_NEW_91WVZG2W,0,4.363986198423131e-07
ID_TS_NEW_BJ7S4I1C,1,0.9999997763804074
ID_TS_NEW_PN1MGEY3,1,0.9999567346495469
ID_TS_NEW_NSBFB3EX,0,3.23403021799629e-09
ID_TS_NEW_4EMFUS6S,1,0.9999999782439115
ID_TS_NEW_365NWLEN,0,0.4476892734558128
ID_TS_NEW_S31BFP0C,1,0.9990789008985618
ID_TS_NEW_TXQLECUZ,0,2.2879751679473062e-09
ID_TS_NEW_EGUYSWOR,0,1.0215881460344272e-08
ID_TS_NEW_NY46P5AJ,0,1.1497831132396627e-09
ID_TS_NEW_5NQZ6IM6,0,0.26992088637863954
ID_TS_NEW_0Y4B5NVC,0,0.34929178576293013
ID_TS_NEW_KFYH9796,0,4.2065850499953137e-08
ID_TS_NEW_XWNMFK80,0,1.6183299632803811e-10
ID_TS_NEW_YH3UPMDC,1,0.999999387543438
ID_TS_NEW_RW3MXYQH,1,0.9999999965479911
ID_TS_NEW_91R6IB7E,1,0.9994283048087511
ID_TS_NEW_XGRBPFZK,0,2.638207772668639e-09
ID_TS_NEW_O5PQ5IUU,0,1.2044094292872626e-06
ID_TS_NEW_08SRYYM6,1,0.9998209000708949
ID_TS_NEW_QJ0YH92G,0,7.561590631526968e-08
ID_TS_NEW_VVHUJ6MJ,0,2.199754105472643e-10
ID_TS_NEW_ME49YMX5,0,5.940718778099377e-09
ID_TS_NEW_E3JMQJPR,1,0.9999998694959494
ID_TS_NEW_HS9LREPN,0,0.12347032303269001
ID_TS_NEW_D1X8JYSS,1,0.999968491933552
ID_TS_NEW_BY6YM2RU,0,1.4036896517422344e-05
ID_TS_NEW_IQZOZ5N1,1,0.9998292679155867
ID_TS_NEW_KVPM2TBR,1,0.9999980508604112
ID_TS_NEW_ZLBVEY3T,1,0.9999995348699163
ID_TS_NEW_1Q1GIV3O,1,0.9999508540760895
ID_TS_NEW_V5HPRNCP,1,0.9624697735379077
ID_TS_NEW_V4Q5AQIE,1,0.999998834585353
ID_TS_NEW_A27OEJZD,0,1.3675953263969155e-07
ID_TS_NEW_IC2S6URH,0,0.19808874775680033
ID_TS_NEW_U76GTV2S,1,0.9997064459967465
ID_TS_NEW_ZYGZAKBM,1,0.9798274873657117
ID_TS_NEW_L0FXG04Z,1,0.9931901611534947
ID_TS_NEW_2HUGKCYS,1,0.9997571810065027
ID_TS_NEW_LOS601FR,1,0.9851668935062035
ID_TS_NEW_SCRYJ20E,1,0.9999999659100498
ID_TS_NEW_2QQGF6DK,1,0.9999999995711011
ID_TS_NEW_I394NPY1,1,0.9999997137150036
ID_TS_NEW_DRR5RI5M,0,9.195855487894573e-08
ID_TS_NEW_S49DLN5E,0,0.00011461431014563327
ID_TS_NEW_2BY0U2SX,0,3.025476373885236e-08
ID_TS_NEW_747ISX6G,1,0.9979478862296842
ID_TS_NEW_O3DKNS93,1,0.8880667022780949
ID_TS_NEW_2DJVFG2T,1,0.9999946250406279
ID_TS_NEW_Z8J9NRN4,0,2.135693050955235e-08
ID_TS_NEW_DON4XV0Q,1,0.9999989515058278
ID_TS_NEW_XYOUK90U,0,1.174598763827409e-09
ID_TS_NEW_FN73QJ96,1,0.9975814790648693
ID_TS_NEW_9LLP9XZ8,1,0.9999967680044666
ID_TS_NEW_VEYIDDR9,0,5.59232478898984e-10
ID_TS_NEW_YB883A1Z,0,0.00035846353865354527
ID_TS_NEW_COLBY04S,0,1.3864596821181873e-09
ID_TS_NEW_SZNF4Q6I,0,2.982402591398261e-10
ID_TS_NEW_ABBCZLLX,1,0.999999853258736
ID_TS_NEW_LS0RCBWG,0,1.6316961439463398e-08
ID_TS_NEW_FMP59ECZ,0,9.639322526087936e-07
ID_TS_NEW_CUE53TQK,1,0.9902601391495677
ID_TS_NEW_ZCTBSC9P,1,0.9999895389878665
ID_TS_NEW_W4F0KV1V,1,0.9382584835646965
ID_TS_NEW_DR1Y0CP2,0,7.338148988286832e-11
ID_TS_NEW_44C5H1WF,0,1.3856986718697887e-08
ID_TS_NEW_QDJEINI6,1,0.7240442314049362
ID_TS_NEW_6OGR1KRI,0,3.0391492447528546e-09
ID_TS_NEW_M904HEN7,1,0.9988819444097317
ID_TS_NEW_4Q1VMORA,1,0.9999977343820621
ID_TS_NEW_B4M5RZVC,0,0.0007648072688356729
ID_TS_NEW_86XDAGNR,1,0.9999998952699779
ID_TS_NEW_U5U4HBC7,1,0.9978725906904227
ID_TS_NEW_MXO4ZHAN,0,0.012338515563052363
ID_TS_NEW_PU7JABVO,1,0.9995738768049086
ID_TS_NEW_XMBWZZT7,1,0.9999999630710235
ID_TS_NEW_VXLFAT1M,1,0.9999945414148476
ID_TS_NEW_JZD25EL3,1,0.9999043225469344
ID_TS_NEW_I5ACCV6M,0,7.098169296067839e-11
ID_TS_NEW_UJWYMMMU,1,0.9999749457603032
ID_TS_NEW_A1RHXGPK,0,0.19885333025201438
ID_TS_NEW_2URYKBFZ,1,0.9994769866452408
ID_TS_NEW_CMMRUR3G,1,0.838949691405018
ID_TS_NEW_FW612T6C,1,0.9999980045054017
ID_TS_NEW_1CS8UYS9,0,1.0691065469286449e-08
ID_TS_NEW_ZWWQSLD7,0,6.695613669492855e-11
ID_TS_NEW_EA4JTMPN,1,0.9999937695116233
ID_TS_NEW_IR03G83C,1,0.999935444135117
ID_TS_NEW_787KXSJ1,1,0.99924874600462
ID_TS_NEW_XRKT3S68,0,8.591438364910975e-09
ID_TS_NEW_I7OEL82L,1,0.9999969947154476
ID_TS_NEW_15AMNZV4,1,0.9999993769999969
ID_TS_NEW_FPOPLALB,0,1.1085375398254295e-08
ID_TS_NEW_Q3UZKCXE,1,0.9749734717647488
ID_TS_NEW_WLPH98CV,1,0.9949213017733386
ID_TS_NEW_664BGNAT,1,0.9999997652119491
ID_TS_NEW_35E82WBS,0,1.6183135340223678e-07
ID_TS_NEW_734RECZA,1,0.9999673203295781
ID_TS_NEW_307CVA8Q,1,0.9997215532038422
ID_TS_NEW_Z0HVLG9U,0,0.0002276682733177847
ID_TS_NEW_JTB4SJXI,0,1.5121101214127436e-09
ID_TS_NEW_V4WLWKV3,0,0.025970444756340208
ID_TS_NEW_FLW9J4S4,0,3.294945325270902e-10
ID_TS_NEW_B1CH9SAB,0,4.5599551075025864e-10
ID_TS_NEW_GX2HXCF6,1,0.9987671569166359
ID_TS_NEW_EMSKXGCE,1,0.9996962515414527
ID_TS_NEW_KLGP10DF,1,0.9999997219890375
ID_TS_NEW_I4H23LKH,1,0.9999748553152403
ID_TS_NEW_9QWP1T57,1,0.9999995077366174
ID_TS_NEW_23453CKF,1,0.9999999978331351
ID_TS_NEW_57V5FT9F,0,6.47770381172306e-08
ID_TS_NEW_E17N439X,0,7.651390154541476e-09
ID_TS_NEW_4GJVV1U3,1,0.9994863873577089
ID_TS_NEW_01OVVO6U,0,0.0016611770438127976
ID_TS_NEW_NYL9HU9U,1,0.9999998118625143
ID_TS_NEW_NH3J0B6T,1,0.9298235950590324
ID_TS_NEW_3GN8MS8R,0,1.6023046421783964e-11
ID_TS_NEW_UT77JB2A,1,0.9895667044462723
ID_TS_NEW_GYSEZA48,1,0.9999999978131724
ID_TS_NEW_CRS4Q1J7,0,4.069706516784009e-11
ID_TS_NEW_M8RSKXZW,0,0.143840803908017
ID_TS_NEW_GCZJCJ4R,1,0.9999935287748468
ID_TS_NEW_DFS350DJ,1,0.9996308047378023
ID_TS_NEW_KAW7VQ1X,0,0.001052337860656971
ID_TS_NEW_IJE6E5TM,1,0.9999860991983183
ID_TS_NEW_0CMKCYBI,1,0.9890158840801379
ID_TS_NEW_L7UIG5I4,1,0.9999996879104692
ID_TS_NEW_QY0KEXU1,0,2.309883462147395e-07
ID_TS_NEW_61LA3V8E,0,3.321085211784944e-09
ID_TS_NEW_6O0DKUD3,0,7.324118438266906e-11
ID_TS_NEW_7UK2SQ0V,0,1.3341916114106231e-08
ID_TS_NEW_RK3L5EM1,0,2.5315298407653616e-09
ID_TS_NEW_GDSW7P3B,0,6.235474803889954e-08
ID_TS_NEW_26LPDIOE,0,0.2580234660870099
ID_TS_NEW_9KIR7L5E,0,8.123666631030241e-08
ID_TS_NEW_DG51IEXG,0,3.921989718473333e-08
ID_TS_NEW_KTE9H1GU,0,2.1058448464025482e-07
ID_TS_NEW_H22YJSEH,1,0.9999426159679269
ID_TS_NEW_THXP3CTQ,0,1.535240078268867e-07
ID_TS_NEW_07RJBRSL,0,4.27270121262327e-09
ID_TS_NEW_9R0O7FWH,1,0.7553736062275267
ID_TS_NEW_ZR7HGELZ,1,0.9027549389496957
ID_TS_NEW_R0N1HPF8,1,0.9999999953661349
ID_TS_NEW_6Y8T1XZ8,0,1.4375179361208826e-10
ID_TS_NEW_030K8WXY,1,0.9999826986715924
ID_TS_NEW_BVOHFIMT,1,0.9999885926411315
ID_TS_NEW_7HXWL7TS,0,0.4045193379242879
ID_TS_NEW_GBQADUFK,1,0.9999855860541326
ID_TS_NEW_1T141OEA,1,0.9999999983732948
ID_TS_NEW_DUNSGK3E,0,1.079367314300328e-07
ID_TS_NEW_A9L6RTK7,0,0.00017331593292223477
ID_TS_NEW_QE0SVG6R,1,0.9999999438161191
ID_TS_NEW_E0NAZGOI,1,0.9999998089327599
ID_TS_NEW_7JFGNTCE,0,1.4782185624371655e-09
ID_TS_NEW_TDHXJ753,1,0.9999999628136396
ID_TS_NEW_33K1032Q,1,0.9997217524638965
ID_TS_NEW_N7RB794L,0,1.0981077937859897e-07
ID_TS_NEW_GTD1IAAB,1,0.9999961767479922
ID_TS_NEW_EL9QGUX9,1,0.8039637469899197
ID_TS_NEW_YVMNWLPB,1,0.988913163645864
ID_TS_NEW_UMG40XAH,1,0.9999998551402806
ID_TS_NEW_HXIVU3Q2,0,2.951191723910752e-09
ID_TS_NEW_RNZRQ0KS,0,0.3662420678283776
ID_TS_NEW_31BSEPT0,1,0.9999999956718089
ID_TS_NEW_WI11LQCH,1,0.9986797543087375
ID_TS_NEW_3O5Z8AAZ,0,1.9153136042915358e-08
ID_TS_NEW_IVOK01PO,0,5.783566627990578e-09
ID_TS_NEW_H0EBV0WK,0,0.0008584740413675389
ID_TS_NEW_QXFDQ0OI,1,0.9999989292926319
ID_TS_NEW_0XJTVRHZ,1,0.9999998447715043
ID_TS_NEW_FFS1TEEO,1,0.9999999941154321
ID_TS_NEW_Q3LWL614,1,0.9999998951813279
ID_TS_NEW_APUT1QE0,0,2.6597670325609624e-07
ID_TS_NEW_ZEDA631H,0,5.754569603807203e-10
ID_TS_NEW_BNM8NPRI,1,0.9999999923981499
ID_TS_NEW_PM2QHRXX,1,0.9999990398753794
ID_TS_NEW_RK7EEIG1,1,0.7967575232593549
ID_TS_NEW_86L11W21,1,0.9994335607918063
ID_TS_NEW_Y7QOIPQ6,1,0.9999998258904262
ID_TS_NEW_GV88IGXW,0,1.0911623866299606e-07
ID_TS_NEW_WTK1NRPE,1,0.9987788873232641
ID_TS_NEW_0I9DK02D,1,0.9999984536611841
ID_TS_NEW_OA9TX3XZ,0,1.3881435351592758e-09
ID_TS_NEW_RWG0QFIZ,0,1.2403848081956447e-07
ID_TS_NEW_NUYP0EJM,1,0.9999743977513802
ID_TS_NEW_710E4Q9Z,0,2.110674132895018e-06
ID_TS_NEW_FQL1U58P,1,0.9986656307009045
ID_TS_NEW_AWI8RFGB,1,0.9999996292269648
ID_TS_NEW_1ZMKLTEB,0,4.800263816205739e-08
ID_TS_NEW_IEW2QZVI,1,0.9999993697518905
ID_TS_NEW_QNFINCK8,1,0.9992197230728772
ID_TS_NEW_MOV2YTPP,0,5.043582856806099e-07
ID_TS_NEW_H4WRDE3G,1,0.9999668384846652
ID_TS_NEW_K08DPGF2,0,1.425868061541694e-08
ID_TS_NEW_M1G8BJIF,0,4.895554409064821e-10
ID_TS_NEW_O5RWKI5H,1,0.9999998332669977
ID_TS_NEW_ZLCUY2VV,0,6.563589644094964e-09
ID_TS_NEW_6SFHQ69C,1,0.829329924246345
ID_TS_NEW_GIYLLGE0,0,9.704694349793849e-11
ID_TS_NEW_K26Y77IG,0,7.680373623812877e-10
ID_TS_NEW_ZNHRRD9V,0,2.9625629949724376e-07
ID_TS_NEW_Y4O3A54Y,1,0.9999952891507062
ID_TS_NEW_4GG3KM40,1,0.9989928288268762
ID_TS_NEW_VBHT4FI4,0,7.457448455570823e-08
ID_TS_NEW_PDZ37CJW,1,0.6508552868744956
ID_TS_NEW_SDI04A43,0,2.208468415096764e-09
ID_TS_NEW_6830N9DA,1,0.9999127770322932
ID_TS_NEW_PXZ4AR77,0,2.5413469309129294e-09
ID_TS_NEW_6URRKGIL,1,0.9999998288607637
ID_TS_NEW_6KHQ9M05,0,1.0610149725306905e-06
ID_TS_NEW_RXUOHVU7,0,0.07182625576677326
ID_TS_NEW_05H6TLM4,0,0.005248420824270956
ID_TS_NEW_V2QJG5TR,1,0.9999993632153048
ID_TS_NEW_WP6T8IAW,1,0.9999683567122059
ID_TS_NEW_E1MIFU7P,0,6.399807272905398e-09
ID_TS_NEW_ZT51DLKT,1,0.9990458064399045
ID_TS_NEW_GCU1H6K0,1,0.9999357028673013
ID_TS_NEW_NKWJSDPH,1,0.9992153050223177
ID_TS_NEW_M7QR2UL2,1,0.9999997454541538
ID_TS_NEW_JWBICG54,1,0.999998792177071
ID_TS_NEW_HOZT6BV1,0,0.03560436959889094
ID_TS_NEW_OKYF0AKD,1,0.7844716907941158
ID_TS_NEW_V5E1C7QL,1,0.9999843058747364
ID_TS_NEW_66LELD8D,0,2.815637679862354e-06
ID_TS_NEW_421T2LN9,1,0.9999745464416959
ID_TS_NEW_MD0LKTFZ,0,2.53505689444699e-09
ID_TS_NEW_1J8AG4HT,1,0.9999874407263962
ID_TS_NEW_4O12HQOQ,0,0.005066506326028698
ID_TS_NEW_BQBGZGNZ,1,0.9944997602574247
ID_TS_NEW_A0607KMM,1,0.9903976439305091
ID_TS_NEW_KC0UHWNX,1,0.9999999187668679
ID_TS_NEW_4GUK0HFX,1,0.9999888016907369
ID_TS_NEW_ML6G2B51,1,0.9999993899931181
ID_TS_NEW_ED9LUTPE,1,0.9999201625503116
ID_TS_NEW_AA6H3GPA,0,1.2574818549191184e-08
ID_TS_NEW_7ESQHTYI,0,5.656561920713894e-10
ID_TS_NEW_O55M9X7U,0,9.536729692975797e-09
ID_TS_NEW_PL6T6IWK,1,0.7645174084898921
ID_TS_NEW_9ZFR9I8Z,1,0.9999997750532892
ID_TS_NEW_PX5R7ZSQ,0,2.306737623522317e-08
ID_TS_NEW_0EI5QGYD,0,2.0994032324912546e-07
ID_TS_NEW_AX2TDYAF,0,2.2541657762575662e-05
ID_TS_NEW_SNY1T9A8,1,0.9990658314632033
ID_TS_NEW_9S9US1LH,0,2.5814336011461896e-09
ID_TS_NEW_AA2DZKQN,1,0.999999698832705
ID_TS_NEW_3VRZVQD8,1,0.9504640217648457
ID_TS_NEW_5ULUH5OV,1,0.9998465780731712
ID_TS_NEW_CMYYB321,0,3.118454484081024e-07
ID_TS_NEW_N2P0QWI9,1,0.9845130339391021
ID_TS_NEW_JDBTCTPS,0,1.2474019684434734e-07
ID_TS_NEW_FYGP3QLQ,0,1.0942279101370248e-06
ID_TS_NEW_A49AXYDD,0,0.002595175048620121
ID_TS_NEW_RLPLFNYO,1,0.9999999822860349
ID_TS_NEW_TDIZM9RV,1,0.9999777248190772
ID_TS_NEW_ACXMR74T,1,0.9954644706775596
ID_TS_NEW_QH6DU9KK,1,0.9999909757939145
ID_TS_NEW_5REDVD34,0,1.945218624596373e-08
ID_TS_NEW_N62QO44R,0,1.878904765580136e-08
ID_TS_NEW_OJ09YX0V,0,5.453956592171049e-10
ID_TS_NEW_6UWJN60H,1,0.9999997249061348
ID_TS_NEW_NOCMDM82,1,0.9999982202278196
ID_TS_NEW_1UXT6KSH,0,8.98740671103884e-08
ID_TS_NEW_TT48FCUQ,0,0.00014105318261123243
ID_TS_NEW_51OZTP0A,0,3.558900630043454e-08
ID_TS_NEW_M6Y0D896,1,0.9986772346620042
ID_TS_NEW_72CROHXV,1,0.9999995890298418
ID_TS_NEW_2K8QS1GC,1,0.9999965655325792
ID_TS_NEW_CWNDIQPM,0,1.422720724975436e-10
ID_TS_NEW_IVYEPUNP,1,0.999999286142349
ID_TS_NEW_QHB5P0MF,1,0.9999997145223358
ID_TS_NEW_YT4JPXWS,1,0.9999986482152509
ID_TS_NEW_UR885LIW,1,0.9999996333396263
ID_TS_NEW_ZCDLD7IX,1,0.9999999754313232
ID_TS_NEW_OOR2GSYB,1,0.9999999519531645
ID_TS_NEW_0VP54BHV,1,0.9999998839288468
ID_TS_NEW_AM0HG8M9,1,0.9999840767030457
ID_TS_NEW_LOP5O84P,1,0.9742886247229228
ID_TS_NEW_ICW5KUGU,1,0.9999987313905643
ID_TS_NEW_D09FIIW0,1,0.999999150707683
ID_TS_NEW_5HFD4N5U,0,3.9637281743601033e-10
ID_TS_NEW_MCPPHTG3,1,0.9999723640163453
ID_TS_NEW_DE6U77M5,1,0.9999999474988003
ID_TS_NEW_A6LBIR3E,1,0.9999999995939703
ID_TS_NEW_TINW26NU,0,5.242187488349059e-09
ID_TS_NEW_23SZ5KWA,1,0.9999998647347083
ID_TS_NEW_SICUGO4S,0,3.151907582557344e-08
ID_TS_NEW_GD04IUBU,1,0.9999999983827226
ID_TS_NEW_B1PHIAV7,1,0.9998543876441672
ID_TS_NEW_ZW9VQCNA,1,0.9999999654972552
ID_TS_NEW_W984J50I,1,0.999999937372218
ID_TS_NEW_IHCQY6NW,1,0.9999997679208678
ID_TS_NEW_RO4UI4OZ,0,0.000818126943708875
ID_TS_NEW_H5ROJ86H,0,0.00107734974083818
ID_TS_NEW_873F8CT4,0,7.331156721535542e-10
ID_TS_NEW_AJQLAN52,1,0.9999999621802468
ID_TS_NEW_IPKZNIG4,1,0.9999993906092842
ID_TS_NEW_0UJHS08O,0,2.0351739350772607e-09
ID_TS_NEW_D72PLI7P,1,0.513354941318197
ID_TS_NEW_8ZKVOTOO,1,0.9999086443285707
ID_TS_NEW_KO31RKB4,0,2.4394325450147442e-08
ID_TS_NEW_SW265M3W,1,0.9999986442644254
ID_TS_NEW_AUCS9HJ7,1,0.9999999018333051
ID_TS_NEW_QM19T1MG,1,0.9948651549451365
ID_TS_NEW_DS9GMA00,1,0.9999844535852737
ID_TS_NEW_3VTKFIA2,0,7.859537352139102e-09
ID_TS_NEW_MI5X0N2B,0,0.013917158801106647
ID_TS_NEW_VG0MW3VQ,0,2.3617214361986892e-09
ID_TS_NEW_MA3UTG0V,1,0.9933934104371882
ID_TS_NEW_UW01VY97,0,3.5581190032239627e-09
ID_TS_NEW_16NMLX5O,1,0.9999766741029638
ID_TS_NEW_6ND66KN2,1,0.9338112456640005
ID_TS_NEW_599B8OTC,1,0.9999984391000184
ID_TS_NEW_8FE7IAL3,0,7.700072530538872e-06
ID_TS_NEW_NUE1CTF8,1,0.9999999866967106
ID_TS_NEW_ONOD8BQW,0,2.3241987073966382e-10
ID_TS_NEW_WQIIPD9K,1,0.9999969394414435
ID_TS_NEW_DXEQJ3BZ,0,1.5158427954071746e-09
ID_TS_NEW_ZGFZURMY,0,3.629324563255894e-08
ID_TS_NEW_4H1XMYRJ,1,0.9999982170133033
ID_TS_NEW_J58JBZBE,1,0.9857539492415273
ID_TS_NEW_YKR2C9TW,1,0.999999975251102
ID_TS_NEW_PMPE9EKK,1,0.9999818968160086
ID_TS_NEW_F31V7CSA,0,4.3391588795432414e-07
ID_TS_NEW_KOD0K8F7,0,9.370345420378868e-06
ID_TS_NEW_21HVN07S,1,0.9999967704550156
ID_TS_NEW_1Z98XIFK,1,0.9999953381399851
ID_TS_NEW_CRSGBJ05,1,0.9999997725137897
ID_TS_NEW_JWBAPTGK,1,0.9992316694608111
ID_TS_NEW_BMK3T54Y,1,0.9917504286605698
ID_TS_NEW_PPV50YOA,1,0.9978064400251846
ID_TS_NEW_6GB9NIP1,1,0.9999997608344019
ID_TS_NEW_NET4XV49,1,0.999999997646398
ID_TS_NEW_0XQ8B0DG,0,6.861810193303065e-09
ID_TS_NEW_BYMKVNU9,0,1.586631927073103e-11
ID_TS_NEW_07VU7AYD,1,0.999998131672926
ID_TS_NEW_241G22NO,1,0.9999799445340154
ID_TS_NEW_LWTQM9C9,1,0.9996977479787845
ID_TS_NEW_BQDD9W1X,1,0.9999938719898663
ID_TS_NEW_RSEPFRWH,0,0.009030853448310878
ID_TS_NEW_2ZFLXWNT,1,0.9999999952107961
ID_TS_NEW_N1YX1AZF,1,0.9999998934053946
ID_TS_NEW_LYCATLVE,0,4.867514847781296e-09
ID_TS_NEW_SZGMN2ON,1,0.9999282111469647
ID_TS_NEW_7RI5I6A5,0,0.012497437569091331
ID_TS_NEW_BNW7GE9H,1,0.9999978284176589
ID_TS_NEW_9C7NLOUP,0,2.3241521165028766e-07
ID_TS_NEW_T1Y2EK3V,1,0.9881194144473336
ID_TS_NEW_7PNY5JTW,1,0.9999999893632102
ID_TS_NEW_CVD4XYUJ,0,4.791172399001732e-10
ID_TS_NEW_08LXR7W6,1,0.9987822434511406
ID_TS_NEW_OKZO45JO,1,0.9931435746859785
ID_TS_NEW_9SU8HXW9,0,2.120390473008346e-10
ID_TS_NEW_06KY9UJ2,1,0.9999901227107982
ID_TS_NEW_JO0GH1OO,0,0.0760873665643086
ID_TS_NEW_EFJTI828,1,0.8727826490330726
ID_TS_NEW_WB2EC0I4,0,3.606036954581116e-08
ID_TS_NEW_9X9B8YIA,1,0.9999994574303983
ID_TS_NEW_BPPRZXK4,1,0.9999985725286127
ID_TS_NEW_3O9CNLQI,1,0.9999949062852868
ID_TS_NEW_OGP9Y71P,1,0.9999998464001986
ID_TS_NEW_PHE5MOZA,0,0.0002571910320909403
ID_TS_NEW_F6OCM3ZV,1,0.99996078853788
ID_TS_NEW_9KWKF9NV,0,0.03845626740782185
ID_TS_NEW_N6WLLS8S,1,0.9998812089561706
ID_TS_NEW_45K3JAJL,0,0.051331854333561834
ID_TS_NEW_HT8D1JR3,1,0.9998834600535674
ID_TS_NEW_UOBHC38I,1,0.9978430262424345
ID_TS_NEW_AXL426AU,0,1.4890567641769483e-06
ID_TS_NEW_LZ1XASI6,1,0.999821230542207
ID_TS_NEW_ZQFF99LO,0,2.6569151130635006e-08
ID_TS_NEW_50P1ZR2Q,0,0.3587307312327921
ID_TS_NEW_10WZUUIN,1,0.9999988052055213
ID_TS_NEW_F3DHXOCW,1,0.999995708777372
ID_TS_NEW_RA18F8RX,0,4.851128013427171e-10
ID_TS_NEW_FGCB2475,1,0.9999999897674242
ID_TS_NEW_C4XXMZHC,0,4.7227381045396835e-06
ID_TS_NEW_6WQM99JC,1,0.9996015346241792
ID_TS_NEW_3W768OAG,0,5.5033473680776754e-08
ID_TS_NEW_15M9TH0T,0,4.4334736818328323e-11
ID_TS_NEW_KCHCI716,0,0.14192026535049201
ID_TS_NEW_S7PTDWYJ,1,0.9999107115863012
ID_TS_NEW_YSIHMUE3,1,0.9999995684285412
ID_TS_NEW_R8HHF7N2,0,1.108613062106467e-10
ID_TS_NEW_CAU4JI0A,0,0.00024028110458298852
ID_TS_NEW_15IYYDJG,1,0.999995479065434
ID_TS_NEW_U4ZG1QPF,0,9.571522348904686e-09
ID_TS_NEW_DOI2V87G,1,0.9999999996162003
ID_TS_NEW_06VNWQQY,1,0.999999119086846
ID_TS_NEW_L4979A3K,1,0.9999999852397838
ID_TS_NEW_RX91IYK5,1,0.9451445043608097
ID_TS_NEW_UYX7G2HS,0,0.08122379688512947
ID_TS_NEW_RZU3MUHQ,1,0.9891585711088202
ID_TS_NEW_FMOQOQQ7,0,1.066561055663755e-08
ID_TS_NEW_NT3NPGE8,1,0.9999999772337415
ID_TS_NEW_YDXMZ3SR,0,6.189483304741627e-05
ID_TS_NEW_WBKYZZXX,1,0.9999999980558236
ID_TS_NEW_Z7WHKS3T,1,0.9993944275051593
ID_TS_NEW_V18QL4VJ,1,0.9999999581748569
ID_TS_NEW_B6AVU00V,1,0.9999406281510018
ID_TS_NEW_PL696U0H,0,0.36746404752660294
ID_TS_NEW_BSR1TN5X,1,0.9995201871541598
ID_TS_NEW_HGA2YW48,1,0.9136675135920044
ID_TS_NEW_ABR393FD,1,0.9093617298837906
ID_TS_NEW_9OVGM878,0,0.019984471965297113
ID_TS_NEW_6CGN5JCU,0,1.967416888816175e-10
ID_TS_NEW_BHMJ42LB,1,0.9993891363979437
ID_TS_NEW_RT7J1KH3,0,0.01258005928457492
ID_TS_NEW_TOD2UYV3,0,5.43403000035412e-08
ID_TS_NEW_B33WNMN3,1,0.9999999949859777
ID_TS_NEW_3C7V259U,1,0.9999999855429103
ID_TS_NEW_RQBGGG9T,0,6.364177592533119e-06
ID_TS_NEW_U54DFR7B,1,0.9972122795471701
ID_TS_NEW_O6IFBH76,1,0.99999999673683
ID_TS_NEW_FBVNRB5Q,1,0.9991949639254543
ID_TS_NEW_6VURNWUH,0,4.55118940878204e-09
ID_TS_NEW_85X8EE04,0,1.4975849246133288e-08
ID_TS_NEW_KLPUOOY4,1,0.9999995366016361
ID_TS_NEW_PXI6OT32,1,0.9999999599786593
ID_TS_NEW_54YB9PAF,1,0.9999999622080168
ID_TS_NEW_AJQ25E1G,1,0.9104129479361152
ID_TS_NEW_22Q0CVT6,0,4.976734264610129e-05
ID_TS_NEW_I10RD2RL,1,0.9999281964425502
ID_TS_NEW_LTR2QCUY,1,0.5450343719489169
ID_TS_NEW_3VV32XQX,0,8.449196102534561e-08
ID_TS_NEW_VFXWCQH4,0,2.3812181472173417e-09
ID_TS_NEW_FPIONUVS,1,0.9999949097795743
ID_TS_NEW_UZV8VPGJ,0,7.433162497254103e-10
ID_TS_NEW_FM3N3F71,1,0.9999998973328267
ID_TS_NEW_QA3IC9KD,1,0.9999999194774329
ID_TS_NEW_HVKYTOZS,1,0.9999935051404104
ID_TS_NEW_DQOADKC1,0,0.001454733224192796
ID_TS_NEW_CDE19IT9,0,0.00018748009388433
ID_TS_NEW_GH344KGC,1,0.9951060585047533
ID_TS_NEW_R2T5XDBA,1,0.9999999659904169
ID_TS_NEW_H3K52PWR,1,0.8790564497148456
ID_TS_NEW_CFNGOBMV,0,0.37569692858223735
ID_TS_NEW_T4ZX0TI9,1,0.9999999398160732
ID_TS_NEW_G1Z2IQMJ,1,0.9998231179365633
ID_TS_NEW_5ZYQLFA4,1,0.9999994188846864
ID_TS_NEW_M3VFN3GR,1,0.6459021193590405
ID_TS_NEW_6ALLJGSU,1,0.9999927304453387
ID_TS_NEW_LUO5HB2Z,1,0.9970308375249519
ID_TS_NEW_TT29SXH6,0,8.086811678672287e-11
ID_TS_NEW_HGPMD5LQ,0,4.500709804389906e-07
ID_TS_NEW_EVIY7CFX,1,0.9999323149720261
ID_TS_NEW_YFECGGWI,1,0.999999890004661
ID_TS_NEW_TNQOCA6P,0,2.7096798237004997e-09
ID_TS_NEW_CS0G1TDW,1,0.9752387048654194
ID_TS_NEW_11OXJ167,0,1.2793973973974476e-10
ID_TS_NEW_EDU28KVK,0,1.997926321462761e-07
ID_TS_NEW_7CJUBG12,1,0.999999792831639
ID_TS_NEW_58AGE9UU,1,0.9999977156644583
ID_TS_NEW_5VCZRPNT,1,0.9999993822016222
ID_TS_NEW_KVVOH9EG,1,0.9984697141110451
ID_TS_NEW_REIJDWOE,1,0.7737751160591488
ID_TS_NEW_N0EJ1HEN,1,0.9999998072230311
ID_TS_NEW_LJZ4MO7L,1,0.9988407811183678
ID_TS_NEW_QUZTA2JQ,1,0.9999996696358701
ID_TS_NEW_F27CKE40,0,1.3827109589773457e-10
ID_TS_NEW_Y9RIWYH4,0,6.331967450227977e-08
ID_TS_NEW_MOFMXDN5,1,0.9999887281006045
ID_TS_NEW_B7QWVT3L,0,0.0021268171424941927
ID_TS_NEW_JY8CIFZT,0,0.19767556855588803
ID_TS_NEW_5NOABH62,0,3.0278077991804436e-10
ID_TS_NEW_UJGGK7TR,1,0.999993358461827
ID_TS_NEW_STSN1YHF,0,1.2346573521372044e-07
ID_TS_NEW_KHNO9WA2,0,9.829846041222768e-10
ID_TS_NEW_23YTIWZS,0,4.875630975092675e-06
ID_TS_NEW_CWP6UK74,0,1.4996965333071705e-05
ID_TS_NEW_DTFI1IY4,1,0.9999999859072735
ID_TS_NEW_ZLQ0Z6PC,0,0.009033403261482262
ID_TS_NEW_UP5ZZ8UG,0,1.6252266152556276e-08
ID_TS_NEW_K99F83M7,0,0.02560752017936361
ID_TS_NEW_RKDRZJJ1,1,0.9999697536447095
ID_TS_NEW_R8LFTJ2J,0,8.337306529968723e-07
ID_TS_NEW_RIFCBG2N,1,0.9991139676717316
ID_TS_NEW_AFKKUQN9,1,0.999992758104033
ID_TS_NEW_LJQRQ88R,1,0.9999989869058367
ID_TS_NEW_H7VOTRPD,0,6.415851595694716e-06
ID_TS_NEW_60OOD3ZZ,1,0.7822694059520884
ID_TS_NEW_EOT5KPEQ,0,8.017616721968647e-11
ID_TS_NEW_S05UNLM3,0,2.5881211208742104e-10
ID_TS_NEW_TEJAQVXV,0,1.1970740828727163e-10
ID_TS_NEW_G69T8ZJA,1,0.9999999300829334
ID_TS_NEW_D7DQRQAZ,0,4.86051199607881e-11
ID_TS_NEW_6MUUXPH8,1,0.9998499846296169
ID_TS_NEW_L62BSQEH,0,5.312537849020942e-06
ID_TS_NEW_OMNNTS0V,1,0.9992952154539079
ID_TS_NEW_OTTZX8S1,0,2.2890305986509504e-09
ID_TS_NEW_1RB4ZKC2,1,0.9996216065207059
ID_TS_NEW_AR58BTVE,1,0.9999998347058905
ID_TS_NEW_TKUUKF6I,1,0.9999887554747994
ID_TS_NEW_17H5H6XP,1,0.9999999948290255
ID_TS_NEW_T41G2DDD,0,7.955741517930598e-11
ID_TS_NEW_RYPIPHV4,0,3.071870778591e-10
ID_TS_NEW_NJCQ15ZY,1,0.9999999903215887
ID_TS_NEW_LK451D9G,0,4.2411849979883755e-10
ID_TS_NEW_98AEJE62,1,0.9998070488224717
ID_TS_NEW_SQ9G9PVO,1,0.9999998682328077
ID_TS_NEW_SI6TA9KI,0,2.2138737809054917e-09
ID_TS_NEW_JHU6MG2B,1,0.9999999226105178
ID_TS_NEW_QSV58M51,1,0.9996887889759857
ID_TS_NEW_O9VFBVDA,0,0.0005299036054655407
ID_TS_NEW_VAJNXRAS,1,0.9449960593325933
ID_TS_NEW_I4800P8U,1,0.768716321679523
ID_TS_NEW_7M6RU7A6,0,4.461328874463896e-07
ID_TS_NEW_2F574JVS,1,0.9917993274917623
ID_TS_NEW_IGE8Q8EO,0,8.440608127383318e-09
ID_TS_NEW_A8GB6ZHI,0,7.092004187267413e-11
ID_TS_NEW_VKVY135X,1,0.9701422457523871
ID_TS_NEW_FYU8VT0O,1,0.9350755240263205
ID_TS_NEW_Q74YPXGC,1,0.9999998565848635
ID_TS_NEW_7I7X9LYN,1,0.9999824437732932
ID_TS_NEW_IVMA2Y87,0,2.707574610028191e-05
ID_TS_NEW_VEI120DX,1,0.9590294953800363
ID_TS_NEW_O8BXGQEE,1,0.9999998812444534
ID_TS_NEW_6JY8SNMG,1,0.9999815664039273
ID_TS_NEW_VD9XZOXS,0,0.3796608003461769
ID_TS_NEW_P5MJJJAQ,1,0.9993328304943221
ID_TS_NEW_W2V7EFZ1,1,0.9839796307619967
ID_TS_NEW_9G9SBX90,1,0.9312053946922239
ID_TS_NEW_VCPDZBH0,1,0.997766681396139
ID_TS_NEW_UID38FVV,0,2.31670792260599e-08
ID_TS_NEW_FCGZ0FWE,0,0.002013936800739538
ID_TS_NEW_GWR5JYME,1,0.9999905194286096
ID_TS_NEW_QEOU5F5D,1,0.9999146165706523
ID_TS_NEW_15QS2OWJ,1,0.999999979279041
ID_TS_NEW_R9ONEUON,1,0.9904329287027821
ID_TS_NEW_3BPHOV8X,0,4.5937158198992305e-07
ID_TS_NEW_6EUOKYQG,0,1.208983405844465e-05
ID_TS_NEW_YD33AEIJ,1,0.9994552096931295
ID_TS_NEW_O4WIAVZE,1,0.9999980730217848
ID_TS_NEW_719PIPMX,0,0.0012118273305091476
ID_TS_NEW_8XPRNVFW,1,0.9999999479492245
ID_TS_NEW_0KWD29QW,0,5.251768482342288e-10
ID_TS_NEW_MX9M43GA,0,4.850496097984035e-11
ID_TS_NEW_4XRKPRCD,0,0.09590602571915338
ID_TS_NEW_NRM2HPYK,1,0.7252229924234189
ID_TS_NEW_WP3A4ZPP,1,0.6087074553647195
ID_TS_NEW_TSC7AU73,1,0.9999962557235413
ID_TS_NEW_0A4QC38H,0,2.0798767862379294e-10
ID_TS_NEW_CD6NOEII,1,0.9994902890517462
ID_TS_NEW_J2VHG8SF,1,0.9999999806192669
ID_TS_NEW_NPK6JRZN,1,0.9998202777483495
ID_TS_NEW_Q0UPI8AC,0,1.9090597871205457e-08
ID_TS_NEW_T775YDOM,0,1.5068280965798829e-09
ID_TS_NEW_KI0YVEFR,0,1.0534275186126998e-06
ID_TS_NEW_9ST4WHKB,1,0.999276738603183
ID_TS_NEW_M7D7QDLA,1,0.9998760220638776
ID_TS_NEW_SJPRTDZP,0,2.358548037570498e-08
ID_TS_NEW_I4XGRMR3,1,0.9999985368830546
ID_TS_NEW_0MA9C1RO,1,0.9999990719835335
ID_TS_NEW_UON6LF6V,1,0.9999990577039044
ID_TS_NEW_5IATBV23,1,0.9999989286988594
ID_TS_NEW_40ED28PM,1,0.9997732032112479
ID_TS_NEW_F73RTVU6,0,1.3156437834346158e-05
ID_TS_NEW_JU913KS8,1,0.9999994554849542
ID_TS_NEW_LJFISIBD,1,0.9990820893773609
ID_TS_NEW_7NF2ABHO,0,1.7802989141522213e-10
ID_TS_NEW_IBCWEGPJ,0,1.0996685608984157e-07
ID_TS_NEW_01T3I13F,1,0.9999995450324686
ID_TS_NEW_C5LTMNBW,1,0.9999974489949113
ID_TS_NEW_M09FIGT7,1,0.9999999979717904
ID_TS_NEW_UTWNJYO0,0,3.965314398794523e-09
ID_TS_NEW_ROSUF228,1,0.999999418329886
ID_TS_NEW_FA5RTLK4,1,0.9955709253502827
ID_TS_NEW_T50CBLXJ,1,0.999999786670106
ID_TS_NEW_RR65036C,0,1.1308390292197823e-10
ID_TS_NEW_6AF9QJRM,1,0.9999972392326995
ID_TS_NEW_3GBS3RNM,0,2.38158679393293e-10
ID_TS_NEW_9TAATNYV,1,0.999999996245029
ID_TS_NEW_PFHD41J2,1,0.9999982363260641
ID_TS_NEW_36726SKB,0,7.352100141075187e-11
ID_TS_NEW_82W12O2Z,1,0.9909782270815579
ID_TS_NEW_6KJDEK4T,1,0.9755126296895542
ID_TS_NEW_PH6DMDS2,0,3.7145254986315494e-10
ID_TS_NEW_6YZJCWNV,1,0.9998826227193879
ID_TS_NEW_A81CQTDL,0,8.097683435765952e-08
ID_TS_NEW_58VULSJN,1,0.9995855354975371
ID_TS_NEW_MJTLD2YP,1,0.9996029203411555
ID_TS_NEW_238A6XRR,0,6.678374404948875e-07
ID_TS_NEW_T8BZ52U2,1,0.9996326574089298
ID_TS_NEW_7DR30MYB,1,0.9992205918586152
ID_TS_NEW_J87HRVI7,1,0.9999998491153544
ID_TS_NEW_IVB4JD1E,0,6.414532595624679e-08
ID_TS_NEW_0CGVBYES,1,0.9973177119781513
ID_TS_NEW_DXY53YSL,1,0.9996154900394647
ID_TS_NEW_VT67WIQ3,1,0.9998255280384313
ID_TS_NEW_M9I50GKP,0,0.0006249921669552293
ID_TS_NEW_LWK3C5DG,0,1.34751824654985e-09
ID_TS_NEW_KANAPXT9,0,2.9052834026777192e-08
ID_TS_NEW_DUJNNUP2,0,1.2173586216499061e-08
ID_TS_NEW_HYKKUVE7,0,0.16955373446865296
ID_TS_NEW_TSDO00M0,0,2.8608180474165507e-07
ID_TS_NEW_W6YMJWYA,1,0.9999952886511463
ID_TS_NEW_WKA7WT4K,0,4.810462159450431e-06
ID_TS_NEW_PKSDTK08,1,0.9999731486482041
ID_TS_NEW_SXY3ADTC,0,3.1548261793442243e-09
ID_TS_NEW_1D47OL8R,1,0.9991618864850556
ID_TS_NEW_52B6WJ32,1,0.9997891733500083
ID_TS_NEW_GRD3BLGR,1,0.9999989956728251
ID_TS_NEW_PH88CV2S,0,1.7327040109366138e-08
ID_TS_NEW_9EYZ4TWS,1,0.9999951141371455
ID_TS_NEW_L5VGT8K9,0,3.3254575159109513e-09
ID_TS_NEW_WNPLGRYU,1,0.9953973803920959
ID_TS_NEW_0SE0V0AD,0,1.7457166788308725e-10
ID_TS_NEW_SYUPPUC5,0,3.9627258248607384e-08
ID_TS_NEW_SIWH60UT,1,0.9999996858554067
ID_TS_NEW_86UJ8ZKD,1,0.9999819121520875
ID_TS_NEW_5GMK0Y4X,0,3.600198181660299e-08
ID_TS_NEW_V3W27KFX,1,0.9999913238563508
ID_TS_NEW_XI7NCN4Q,0,1.4980053110701137e-10
ID_TS_NEW_SIEW7KQS,0,1.6426864800717669e-09
ID_TS_NEW_WOYA4G0N,1,0.999652727691959
ID_TS_NEW_ECDFVWQL,1,0.5149847198981684
ID_TS_NEW_4LUQAL3W,1,0.7848198217815863
ID_TS_NEW_2JG7DIKN,0,5.686210092773463e-09
ID_TS_NEW_1EUTB0SK,1,0.9999998652642192
ID_TS_NEW_37HYA1RO,1,0.9999999102170133
ID_TS_NEW_JEZTBO7F,1,0.9999506441229833
ID_TS_NEW_9U8ETBNY,1,0.9999999430384484
ID_TS_NEW_W2ZXQ2I9,1,0.9807785740687608
ID_TS_NEW_UE8WANCI,1,0.9996891949514963
ID_TS_NEW_6616WU68,0,3.781352500760449e-09
ID_TS_NEW_BKB0D2N7,1,0.999995412005142
ID_TS_NEW_SED7KJ45,1,0.9999879775213381
ID_TS_NEW_ZCGWMCR9,1,0.9999954342895006
ID_TS_NEW_LASK6X4Y,0,0.00042774657744424076
ID_TS_NEW_B25ZNYXD,1,0.9836001429371788
ID_TS_NEW_MGVDBRIV,1,0.9999584287979084
ID_TS_NEW_Q5PWQ0IX,1,0.9999741574228408
ID_TS_NEW_PCG5NEEF,1,0.9998923753514399
ID_TS_NEW_6WWW4AIU,1,0.9999999835023592
ID_TS_NEW_6394YNLS,1,0.9999999795822718
ID_TS_NEW_6WUJC7ED,0,2.2521971804280953e-06
ID_TS_NEW_YU8Y76XX,0,1.6122114589135393e-08
ID_TS_NEW_Z046L01H,1,0.9999996909152336
ID_TS_NEW_NK7ZGMZT,0,3.975982599610108e-07
ID_TS_NEW_A1WQRSJ2,1,0.999998998008203
ID_TS_NEW_G7E8E105,1,0.9999591862470553
ID_TS_NEW_GWHC4PM8,1,0.9999970349190787
ID_TS_NEW_VOKEJ9FO,1,0.9007329394709592
ID_TS_NEW_JETPR092,1,0.9999835212099613
ID_TS_NEW_IQNXWV25,1,0.9997518595094271
ID_TS_NEW_6Q13YN5R,1,0.997812771325216
ID_TS_NEW_B3C6J7TB,1,0.9999645286435497
ID_TS_NEW_5ZF5JTCQ,1,0.9999816563154268
ID_TS_NEW_KXHEDXGC,1,0.9999745826648195
ID_TS_NEW_W7YGBSUG,1,0.9928466279891417
ID_TS_NEW_SGILTTR2,1,0.9994915445863155
ID_TS_NEW_EU3LSA56,0,1.0434278466190263e-06
ID_TS_NEW_P4QPUW0J,1,0.9999848265280237
ID_TS_NEW_4JBC53DI,0,2.5242752983275523e-10
ID_TS_NEW_79L0VLEC,1,0.9998829969881918
ID_TS_NEW_8H9WCE6X,0,0.0971716426475258
ID_TS_NEW_J3A73YWU,1,0.9999715053686213
ID_TS_NEW_CRVE0P7G,1,0.9999998396366829
ID_TS_NEW_KAN70U2W,0,5.849688539944434e-05
ID_TS_NEW_LMAQYMO5,1,0.9912939855843494
ID_TS_NEW_2CJXEMGJ,0,4.6556837177611976e-05
ID_TS_NEW_O8RBNO2U,1,0.8002702412545089
ID_TS_NEW_UKE6YBR0,0,9.014272933820792e-08
ID_TS_NEW_79R5TOCA,0,8.345829763471227e-05
ID_TS_NEW_ACVR02CF,1,0.999966040755663
ID_TS_NEW_4BL73603,1,0.9834002377526834
ID_TS_NEW_87KXYDOK,1,0.9985681401922318
ID_TS_NEW_4V92H6YE,1,0.999999752532035
ID_TS_NEW_7L054U62,0,3.2546457679153495e-08
ID_TS_NEW_Z3F45LL2,1,0.9999979544825944
ID_TS_NEW_3J5N3HVI,1,0.7541066888542065
ID_TS_NEW_ZOVSC6OJ,1,0.9999997027292484
ID_TS_NEW_GRPQOQ8I,0,6.725247961883359e-06
ID_TS_NEW_FM6G6E5F,1,0.9999958436509702
ID_TS_NEW_88EXY6N1,1,0.9999988878834651
ID_TS_NEW_I06FCSN6,1,0.999999999495466
ID_TS_NEW_CLQCH0JM,1,0.9998911163506143
ID_TS_NEW_9TJ5AHEG,0,6.072040017563138e-08
ID_TS_NEW_G7A77A4N,1,0.9876370550817916
ID_TS_NEW_5EBFNDHQ,0,7.426053448382501e-05
ID_TS_NEW_KGOC2NMK,0,0.44281851911124004
ID_TS_NEW_OYAAPB1V,1,0.9999823931849587
ID_TS_NEW_9M3HHAFV,0,1.7620141664116e-08
ID_TS_NEW_VK7NWT8K,0,3.186909874230856e-07
ID_TS_NEW_EJ0B66LO,0,3.11542802835312e-08
ID_TS_NEW_XL0ELFDC,1,0.9999670576863905
ID_TS_NEW_7ND324MS,0,1.1709071601891291e-07
ID_TS_NEW_PBR85N6S,1,0.9999996751547673
ID_TS_NEW_8AXJ3WIZ,0,7.716169469607256e-09
ID_TS_NEW_44GNQSRB,0,5.7547013531894624e-08
ID_TS_NEW_BWAZ7PCY,1,0.9994294170367736
ID_TS_NEW_X5YTCO1A,1,0.9999994386950137
ID_TS_NEW_IHTNEHVD,1,0.9999287680505253
ID_TS_NEW_1PGIUBOK,1,0.9449518001969395
ID_TS_NEW_4GNA5VCY,0,0.0427384153109061
ID_TS_NEW_6YHIID35,0,7.874739963543202e-08
ID_TS_NEW_ZF2BP307,1,0.9993832111976416
ID_TS_NEW_G069C2A2,0,0.001727028903007064
ID_TS_NEW_TZSST3X3,1,0.9999999130726573
ID_TS_NEW_J68M3B4Y,1,0.9999018776646161
ID_TS_NEW_CRDQ4V9U,1,0.9953821131657781
ID_TS_NEW_22I6LG4H,1,0.9998536168808844
ID_TS_NEW_VIVX6ZUS,0,1.0525992545604564e-06
ID_TS_NEW_5JLPDXF3,1,0.9999963904420077
ID_TS_NEW_3R7HQZJX,0,4.445642977102375e-08
ID_TS_NEW_0BPO1TCT,1,0.9998902029307103
ID_TS_NEW_FG1E0UGW,0,4.10180168549992e-08
ID_TS_NEW_FZWF5P9O,1,0.9999998183651421
ID_TS_NEW_UHIKA69U,1,0.999970598185438
ID_TS_NEW_ZEOZQ0IL,0,1.0520309377859501e-07
ID_TS_NEW_6H6ZEGO1,1,0.9998897337479294
ID_TS_NEW_D61BK9QB,0,0.0008941119790882811
ID_TS_NEW_QG38NVT3,0,3.325948833850761e-09
ID_TS_NEW_Y60A2BGW,1,0.9999981718617418
ID_TS_NEW_RRI07J57,0,0.26698265198840854
ID_TS_NEW_ORFYH4QY,0,1.5866870279228255e-06
ID_TS_NEW_OTWTCLZR,1,0.9999999159975619
ID_TS_NEW_RFPIZYME,0,3.031936035865517e-08
ID_TS_NEW_KDLRZNTP,1,0.9892765107894141
ID_TS_NEW_1Y5XBEJU,1,0.9997947097795734
ID_TS_NEW_S3YYRKN9,0,1.1520798204382275e-09
ID_TS_NEW_QBK0B1AN,1,0.9999607464858248
ID_TS_NEW_ETQGHLLG,1,0.9645503196297185
ID_TS_NEW_WXW6H2AJ,1,0.9999999598904903
ID_TS_NEW_RFXTF7XX,1,0.9999335078142388
ID_TS_NEW_AEJ8JS4K,0,0.00012238956586498766
ID_TS_NEW_5W9WRER7,1,0.9956693355282917
ID_TS_NEW_GAD6EJ8A,1,0.9998591506867753
ID_TS_NEW_8B2C9I4A,0,0.011755873916869058
ID_TS_NEW_TN6KDDD6,0,1.1671565227469145e-07
ID_TS_NEW_CBBS4ZIX,0,0.012759164758662869
ID_TS_NEW_S9NS7C65,1,0.9998387555062193
ID_TS_NEW_KSOB30MV,0,0.24943262766827118
ID_TS_NEW_1SMQ86ZQ,1,0.9999853985190288
ID_TS_NEW_ERF29UBH,1,0.9999965064750155
ID_TS_NEW_AOKIO1OG,1,0.9942225835444453
ID_TS_NEW_TD11SRT3,1,0.9999984616841963
ID_TS_NEW_EAOGWQX8,0,4.771898697355208e-09
ID_TS_NEW_GLXTRE4S,1,0.9999998965467958
ID_TS_NEW_GAG8B21V,1,0.9994949924713841
ID_TS_NEW_66KVEEP1,1,0.9999999735609124
ID_TS_NEW_IAA32RDQ,0,0.00034195362099388136
ID_TS_NEW_SFPML3NY,0,5.8181583001505175e-09
ID_TS_NEW_70NUHS6B,1,0.9999984305139543
ID_TS_NEW_511UOY5Q,0,2.3127490252372457e-08
ID_TS_NEW_MBMRGQCN,1,0.9999937444670314
ID_TS_NEW_5P2S3VHA,0,3.2448465878671012e-06
ID_TS_NEW_BY813WTG,1,0.9992690428173476
ID_TS_NEW_94LCABSJ,1,0.998471316703164
ID_TS_NEW_J7CQV2OR,1,0.9975801707445235
ID_TS_NEW_DX9UEZQ6,1,0.64019931234474
ID_TS_NEW_UTIV8DAV,1,0.9995905386033311
ID_TS_NEW_NU6QEONN,1,0.9999990100330033
ID_TS_NEW_HBB8QC2Z,1,0.9990778564728447
ID_TS_NEW_WFN6PSBM,1,0.9999999978344873
ID_TS_NEW_4B1KXAYG,0,6.983091319517847e-09
ID_TS_NEW_XOP2L4TL,1,0.9998525333169778
ID_TS_NEW_4CLM2M7U,1,0.999678010854771
ID_TS_NEW_CK2GEQJP,1,0.9999949226616848
ID_TS_NEW_HTKVLIGO,1,0.9579674071079054
ID_TS_NEW_A4ILPABR,0,2.6335962949963547e-08
ID_TS_NEW_UEPO198T,1,0.9998878672280416
ID_TS_NEW_JM1AS8KD,0,4.57505518957496e-09
ID_TS_NEW_NLZ1JO33,0,5.4145270348237795e-11
ID_TS_NEW_SIN064PB,0,7.443540034655092e-11
ID_TS_NEW_ACGJ7C2O,1,0.9998246721665853
ID_TS_NEW_AQKYFFPQ,1,0.9998255401427114
ID_TS_NEW_FF0WBNVZ,0,5.860239868162053e-08
ID_TS_NEW_0LSF64PT,0,0.00015828701359555435
ID_TS_NEW_40N3QOXJ,0,0.08420310330391291
ID_TS_NEW_5H5R6AXE,1,0.9999990695002735
ID_TS_NEW_4T0QXPVS,0,9.589604763516029e-06
ID_TS_NEW_LAMABXQ5,1,0.9999999540228189
ID_TS_NEW_DLGS1HL8,1,0.9999998509016321
ID_TS_NEW_JRDG8UWG,1,0.9950498064978585
ID_TS_NEW_W5LO92UB,1,0.9999999974785188
ID_TS_NEW_M0H0NQHJ,1,0.9981978332130296
ID_TS_NEW_UDXQ8O8W,0,0.3681182205227989
ID_TS_NEW_884TR3E3,1,0.9383723431959542
ID_TS_NEW_U86UBMI1,0,0.007603661391230051
ID_TS_NEW_YXJ2J8HD,1,0.9999995479365985
ID_TS_NEW_VNPS74X8,1,0.9998003462097362
ID_TS_NEW_DJIWCFC8,0,3.499867311307198e-05
ID_TS_NEW_0JAKY2IZ,0,9.43637962884302e-08
ID_TS_NEW_1PJ03QE3,1,0.9999798644602531
ID_TS_NEW_U5TO402A,1,0.9999184355398777
ID_TS_NEW_IQKCEYVA,0,0.0004990352713930343
ID_TS_NEW_HR7PDPR6,0,5.2578621985684054e-08
ID_TS_NEW_TGTR4CJR,0,2.989208050394873e-08
ID_TS_NEW_8PFPLVNZ,1,0.9965689322227104
ID_TS_NEW_VFDHDXKW,1,0.999999944769253
ID_TS_NEW_EU7YDFQD,0,1.6556392241434386e-09
ID_TS_NEW_M94MF2ZN,0,2.679809965324887e-10
ID_TS_NEW_J9F7ZC0K,1,0.99279527133434
ID_TS_NEW_N684CKRM,1,0.9113760503115146
ID_TS_NEW_4XDWFTJK,0,1.2279486115065906e-07
ID_TS_NEW_70BIIG68,1,0.9998962042330721
ID_TS_NEW_OONQKG71,1,0.9956854843611977
ID_TS_NEW_YXLQKPA7,1,0.9929197572049562
ID_TS_NEW_3NN91B2N,1,0.9999986552785773
ID_TS_NEW_0LTO3Z4Z,0,7.630099052006763e-11
ID_TS_NEW_V86PRKW6,1,0.999869034233114
ID_TS_NEW_LKZRCSQA,1,0.9999985521384405
ID_TS_NEW_EHKJQ6GN,1,0.9999999634706949
ID_TS_NEW_IM7M56QA,0,2.136526818238923e-08
ID_TS_NEW_9F4POYGT,0,1.9465329249988526e-10
ID_TS_NEW_J757LPE4,1,0.8775728740127707
ID_TS_NEW_A0PJQFN1,0,2.9564012786409453e-10
ID_TS_NEW_3NQAGX0G,0,0.09699995462596202
ID_TS_NEW_CI2Q0S1T,0,9.05191006139566e-09
ID_TS_NEW_69GQ0B3G,0,6.788906470602441e-11
ID_TS_NEW_E22OVY3B,0,0.004527194080379736
ID_TS_NEW_2UU7FAJ7,1,0.999683726897042
ID_TS_NEW_IAH6DRG2,0,2.1873806299553588e-08
ID_TS_NEW_D1K1CZQG,1,0.9999988473390525
ID_TS_NEW_GOA69JTJ,1,0.9999998110563009
ID_TS_NEW_TAZQND4Q,1,0.9999797223778201
ID_TS_NEW_O17QIKCH,1,0.9978792813115174
ID_TS_NEW_PQ3WKA8R,1,0.9999059439858242
ID_TS_NEW_CFBDF436,0,4.043929728679924e-07
ID_TS_NEW_GYRBFGVZ,1,0.9999991203574621
ID_TS_NEW_IU6MN2VO,0,0.0002368847877437036
ID_TS_NEW_QP7BS9JE,1,0.950687267100484
ID_TS_NEW_TENA028H,1,0.999999413730146
ID_TS_NEW_Z0YAT6VV,1,0.999994031920304
ID_TS_NEW_31H10R15,1,0.9999999606451568
ID_TS_NEW_63OVN901,1,0.999999971511082
ID_TS_NEW_FWNORAZR,1,0.9472796166926144
ID_TS_NEW_I4T0FYO7,1,0.9999741490806698
ID_TS_NEW_PADJVEL9,1,0.9999838622660296
ID_TS_NEW_Y1XD0NDO,1,0.9630840659428612
ID_TS_NEW_BJ1E37GM,0,1.0322807907833058e-10
ID_TS_NEW_28N84RMD,0,0.0004326775052203955
ID_TS_NEW_2TUHK4JZ,1,0.9987802318168939
ID_TS_NEW_C4SWC6CI,1,0.9866207691337828
ID_TS_NEW_8JPACMZ0,1,0.9999998144812126
ID_TS_NEW_YA6ID37J,1,0.9999992964572817
ID_TS_NEW_PJK2JM5O,1,0.9995829779151361
ID_TS_NEW_0W3A96EN,1,0.9999996959803784
ID_TS_NEW_1XLEXD6L,0,9.544752142045289e-08
ID_TS_NEW_VZSJ2ULH,0,3.7134467085199086e-10
ID_TS_NEW_3EEFR82X,1,0.9999999925758123
ID_TS_NEW_FWM5SFO3,1,0.9999999826287728
ID_TS_NEW_RL6MX7V9,1,0.999996782923437
ID_TS_NEW_C7T1QVZB,1,0.9999963714694534
ID_TS_NEW_WUI1OUI7,1,0.9835606303311208
ID_TS_NEW_MMYKJQ8S,1,0.9990519730457388
ID_TS_NEW_461NZIN9,0,2.4612885027571013e-07
ID_TS_NEW_6LDM3EK2,1,0.9871200179653515
ID_TS_NEW_SVISFCCQ,1,0.9999997519965675
ID_TS_NEW_HJV4LX31,0,0.3042345490597193
ID_TS_NEW_BJSXG3IM,1,0.9989222188660227
ID_TS_NEW_GRYI9G1C,1,0.9999969170959492
ID_TS_NEW_15DVCMZZ,1,0.9998343229778895
ID_TS_NEW_C7CX28F0,1,0.9999971215499733
ID_TS_NEW_AJQJ6B51,1,0.9999995697757803
ID_TS_NEW_6P22MWQ6,0,6.715723456982225e-09
ID_TS_NEW_RT36YQ9N,1,0.9999988179080164
ID_TS_NEW_7OZBWMW9,1,0.9999762992123169
ID_TS_NEW_FRQ38H3M,0,0.030252703730149894
ID_TS_NEW_8TGU2OAE,0,1.3919100844993288e-08
ID_TS_NEW_SPRIILK7,1,0.9997358167211062
ID_TS_NEW_IMZZ7Q8V,1,0.9999645873163545
ID_TS_NEW_8WAG4U9S,1,0.5320398117115138
ID_TS_NEW_Z9VETR2N,1,0.9997576029896265
ID_TS_NEW_XCJRPPVB,1,0.999982777891647
ID_TS_NEW_V42AHOA4,1,0.9967231853572528
ID_TS_NEW_OHCAMKEO,0,2.2698082964608767e-10
ID_TS_NEW_TPLBTJ5D,0,2.878287333157733e-10
ID_TS_NEW_RAHI9TZ1,1,0.9171710224854605
ID_TS_NEW_45CI25AB,1,0.9999569649449033
ID_TS_NEW_R3GGH4HK,1,0.9995420686416685
ID_TS_NEW_X4Q2NH9A,0,0.11742896468698782
ID_TS_NEW_R4ED30RZ,1,0.9949181663543367
ID_TS_NEW_DF8P8Y2S,0,4.050248374390874e-09
ID_TS_NEW_B1JCEBZ0,0,2.295540049676064e-07
ID_TS_NEW_YSQKSDYI,0,3.910447799872161e-09
ID_TS_NEW_66NUKEUB,1,0.9999398508485668
ID_TS_NEW_963TLJIC,0,0.09862228914502429
ID_TS_NEW_D38BA796,1,0.9954608425324478
ID_TS_NEW_C00NIPXD,0,7.312725784789804e-09
ID_TS_NEW_9RVB7PRI,0,2.5768951260105345e-11
ID_TS_NEW_I1LU5Q2K,0,0.08026305530285054
ID_TS_NEW_0JAHMH31,1,0.8116661409146693
ID_TS_NEW_GWV3YEXA,1,0.9990687531673095
ID_TS_NEW_7KA55JG8,0,0.009397955245107411
ID_TS_NEW_YGYKL4KQ,0,1.4951089424876082e-09
ID_TS_NEW_MZ9W3F31,1,0.8255948653637672
ID_TS_NEW_O3D090K9,1,0.9999481056778768
ID_TS_NEW_F0ASU9RB,1,0.9990497666711884
ID_TS_NEW_B5HB8CEW,0,7.725170866603242e-10
ID_TS_NEW_LYDF5CSF,0,3.57482190396016e-07
ID_TS_NEW_1HD6HIHG,1,0.9999998649850192
ID_TS_NEW_L8ES1CW9,0,4.812912450229425e-10
ID_TS_NEW_94X2H91Y,1,0.9999945814454733
ID_TS_NEW_0PUBZVX4,0,0.0015476253296880123
ID_TS_NEW_MV1T6BUQ,1,0.9992497996549666
ID_TS_NEW_HM99C5OH,1,0.9999994233248092
ID_TS_NEW_F9EAQ7NH,1,0.9788149283836379
ID_TS_NEW_H8HMBK0P,0,0.3114827748687059
ID_TS_NEW_UPUUEAMV,0,2.852832324618542e-07
ID_TS_NEW_Y4B68E9O,0,1.3881198318216525e-09
ID_TS_NEW_6W0PZT0P,0,1.7525623468743495e-09
ID_TS_NEW_VK1XTOP8,0,1.7207509879642918e-08
ID_TS_NEW_WRFV0DTV,0,5.729130244039937e-06
ID_TS_NEW_NRWGWHPE,0,6.254076116366533e-08
ID_TS_NEW_D6FHITKM,0,0.28007248425131137
ID_TS_NEW_E2LI1BWR,1,0.9989800460612789
ID_TS_NEW_ZBB5IR6D,0,4.63122640827912e-09
ID_TS_NEW_C39WCSM2,1,0.9999984510277947
ID_TS_NEW_FO2MKW8D,0,0.010159658443172508
ID_TS_NEW_6610GQ4K,0,7.84708328920293e-09
ID_TS_NEW_4VWLX7CR,1,0.9999976829008882
ID_TS_NEW_HLTFMUB7,0,1.554759961727018e-06
ID_TS_NEW_NK8YMUPS,1,0.5445073338196449
ID_TS_NEW_XYWG3V75,1,0.9998341892656893
ID_TS_NEW_73369R7N,0,1.095631743937627e-08
ID_TS_NEW_KEGBLY3M,0,5.20720925286199e-10
ID_TS_NEW_LUUBPK4S,1,0.9999978003545483
ID_TS_NEW_DMGI7V2M,0,2.5395576207379986e-09
ID_TS_NEW_H4PC0W2X,0,2.8699309650461607e-09
ID_TS_NEW_K54YACSR,1,0.9929388751190128
ID_TS_NEW_B4WPDCRR,1,0.9916536398695163
ID_TS_NEW_KS00BCG6,1,0.9999999278184794
ID_TS_NEW_43ER9V9O,0,0.008027591003832948
ID_TS_NEW_F7PS2CVN,1,0.9980049750403123
ID_TS_NEW_11OSM6VP,0,1.4964538646695128e-07
ID_TS_NEW_HZNASSZG,1,0.9999999683646247
ID_TS_NEW_CT8291Q0,1,0.8698616866550684
ID_TS_NEW_8AALHLKW,1,0.9970087918798208
ID_TS_NEW_56KWODLL,0,0.018448745033793016
ID_TS_NEW_WY3KLABY,1,0.9999996580467264
ID_TS_NEW_EWZ7LQLQ,0,5.580020814104127e-10
ID_TS_NEW_7E8MVE82,1,0.9999965972533644
ID_TS_NEW_3GHR49ZB,1,0.9998728021699897
ID_TS_NEW_PKUH43JS,0,6.777443507103062e-08
ID_TS_NEW_OKTJ85M9,0,0.11916315733506792
ID_TS_NEW_PX01I8GZ,1,0.9999903226556462
ID_TS_NEW_PUD7KAVY,1,0.9999950755198164
ID_TS_NEW_DLW8WIPJ,0,4.548434913078756e-10
ID_TS_NEW_TBY1IZA4,0,2.8315974409150726e-11
ID_TS_NEW_VPZFVM3E,0,6.018963458503172e-10
ID_TS_NEW_RA6FO033,0,2.688278448194542e-10
ID_TS_NEW_8I5X5NQ7,1,0.9999992979562061
ID_TS_NEW_U1YRPFUA,1,0.9999983063497396
ID_TS_NEW_UIS4B2MM,1,0.9999491319695221
ID_TS_NEW_YYOSC0BB,1,0.9936090256955653
ID_TS_NEW_LE375J0J,1,0.9718461436003168
ID_TS_NEW_ZYR39WCP,1,0.9999999972623843
ID_TS_NEW_S5NHZR8Z,0,0.006216596028008108
ID_TS_NEW_K13QU48R,1,0.9999986387238929
ID_TS_NEW_URRKRQIT,1,0.9999999844490133
ID_TS_NEW_SNWDIVQC,0,2.7529461439473963e-09
ID_TS_NEW_PU4TWGVJ,0,9.648728818947799e-06
ID_TS_NEW_DLHNL6WW,0,5.526764750007673e-06
ID_TS_NEW_RFBCIMPB,1,0.9980353564470075
ID_TS_NEW_Y580TZYD,0,7.07815387318366e-07
